Sequence,Precursor Abundance,Precursor Abundance Percent Rank,Condition,MHC_Type,Cell_Type
SAPRNFVENF,130662952.0,0.05042016806722689,replicate2,MHCI,CT2A
VGFDYKERL,44059924.0,0.2184873949579832,replicate2,MHCI,CT2A
STLTYSRM,33480100.0,0.25210084033613445,replicate2,MHCI,CT2A
VAFDFTKV,32527278.0,0.2773109243697479,replicate2,MHCI,CT2A
YAGSNFPEHI,29350838.0,0.29411764705882354,replicate2,MHCI,CT2A
SQHQSSYGPM,413727.09375,1.0,replicate2,MHCI,CT2A
SSPKFSEI,874396224.0,0.008571428571428572,replicate2,MHCI,GL261
ASYEFVQRL,698986944.0,0.017142857142857144,replicate2,MHCI,GL261
RTYTYEKL,528399328.0,0.022857142857142857,replicate2,MHCI,GL261
SAPRNFVENF,319769760.0,0.03428571428571429,replicate2,MHCI,GL261
RNYSYEKL,30522014.0,0.2742857142857143,replicate2,MHCI,GL261
RTVENVTVF,28109918.0,0.29714285714285715,replicate2,MHCI,GL261
VAFDFTKV,10391323.0,0.5657142857142857,replicate2,MHCI,GL261
