Sequence,Precursor Abundance,Precursor Abundance Percent Rank,Condition,MHC_Type,Cell_Type
SQHQSSYGPM,413727.09375,0.008403361344537815,replicate2,MHCI,CT2A
YAGSNFPEHI,29350838.0,0.7142857142857143,replicate2,MHCI,CT2A
VAFDFTKV,32527278.0,0.7310924369747899,replicate2,MHCI,CT2A
STLTYSRM,33480100.0,0.7563025210084033,replicate2,MHCI,CT2A
VGFDYKERL,44059924.0,0.7899159663865546,replicate2,MHCI,CT2A
SAPRNFVENF,130662952.0,0.957983193277311,replicate2,MHCI,CT2A
VAFDFTKV,10391323.0,0.44,replicate2,MHCI,GL261
RTVENVTVF,28109918.0,0.7085714285714285,replicate2,MHCI,GL261
RNYSYEKL,30522014.0,0.7314285714285714,replicate2,MHCI,GL261
SAPRNFVENF,319769760.0,0.9714285714285714,replicate2,MHCI,GL261
RTYTYEKL,528399328.0,0.9828571428571429,replicate2,MHCI,GL261
ASYEFVQRL,698986944.0,0.9885714285714285,replicate2,MHCI,GL261
SSPKFSEI,874396224.0,0.9971428571428571,replicate2,MHCI,GL261
